<?xml version="1.0" encoding="UTF-8"?>
<!DOCTYPE hibernate-mapping PUBLIC "-//Hibernate/Hibernate Mapping DTD//EN" "http://hibernate.org/dtd/hibernate-mapping.dtd">
<hibernate-mapping>
	<class name="Model.Chercheur" table="Chercheur">
	
		<id name="matricule" column="matricule" type="char[]" />
		<property name="prenom" column="prenom" type="string" />
		<property name="nom" column="nom" type="string" />
		<property name="position" column="position" type="string"/>
		<property name="salaire" column="salaire" type="integer" not-null="false"/>
		
		<many-to-one name="equipe" class="Model.Equipe" column="equipe" />

	</class>
</hibernate-mapping>