<?xml version="1.0" encoding="UTF-8"?>
<!DOCTYPE hibernate-configuration PUBLIC
        "-//Hibernate/Hibernate Configuration DTD 3.0//EN"
        "http://www.hibernate.org/dtd/hibernate-configuration-3.0.dtd">
<hibernate-configuration>
	<session-factory>

		<property name="hibernate.connection.driver_class">org.postgresql.Driver</property>
		<property name="connection.url">jdbc:postgresql://localhost:5432/inf3710</property>
		<property name="connection.username">postgres</property>
		<property name="connection.password">postgres</property>

		<property name="show_sql">true</property>

		<mapping resource="Departement.hbm.xml" />
		<mapping resource="Equipe.hbm.xml" />
		<mapping resource="Chercheur.hbm.xml" />
		<mapping resource="Article.hbm.xml" />


	</session-factory>
</hibernate-configuration>
